{
	"partitions" : [
		{
			"name" : "Top",
			"pins" : [
				{
					"name" : "Hex0[0]",
					"strict" : false
				},
				{
					"name" : "Hex0[1]",
					"strict" : false
				},
				{
					"name" : "Hex0[2]",
					"strict" : false
				},
				{
					"name" : "Hex0[3]",
					"strict" : false
				},
				{
					"name" : "Hex0[4]",
					"strict" : false
				},
				{
					"name" : "Hex0[5]",
					"strict" : false
				},
				{
					"name" : "Hex0[6]",
					"strict" : false
				},
				{
					"name" : "Hex1[0]",
					"strict" : false
				},
				{
					"name" : "Hex1[1]",
					"strict" : false
				},
				{
					"name" : "Hex1[2]",
					"strict" : false
				},
				{
					"name" : "Hex1[3]",
					"strict" : false
				},
				{
					"name" : "Hex1[4]",
					"strict" : false
				},
				{
					"name" : "Hex1[5]",
					"strict" : false
				},
				{
					"name" : "Hex1[6]",
					"strict" : false
				},
				{
					"name" : "Hex2[0]",
					"strict" : false
				},
				{
					"name" : "Hex2[1]",
					"strict" : false
				},
				{
					"name" : "Hex2[2]",
					"strict" : false
				},
				{
					"name" : "Hex2[3]",
					"strict" : false
				},
				{
					"name" : "Hex2[4]",
					"strict" : false
				},
				{
					"name" : "Hex2[6]",
					"strict" : false
				},
				{
					"name" : "Hex3[0]",
					"strict" : false
				},
				{
					"name" : "Hex3[1]",
					"strict" : false
				},
				{
					"name" : "Hex3[4]",
					"strict" : false
				},
				{
					"name" : "Hex3[5]",
					"strict" : false
				},
				{
					"name" : "Hex3[6]",
					"strict" : false
				},
				{
					"name" : "Hex4[0]",
					"strict" : false
				},
				{
					"name" : "Hex4[1]",
					"strict" : false
				},
				{
					"name" : "Hex4[2]",
					"strict" : false
				},
				{
					"name" : "Hex4[3]",
					"strict" : false
				},
				{
					"name" : "Hex4[4]",
					"strict" : false
				},
				{
					"name" : "Hex4[5]",
					"strict" : false
				},
				{
					"name" : "Hex4[6]",
					"strict" : false
				},
				{
					"name" : "Hex5[0]",
					"strict" : false
				},
				{
					"name" : "Hex5[1]",
					"strict" : false
				},
				{
					"name" : "Hex5[2]",
					"strict" : false
				},
				{
					"name" : "Hex5[3]",
					"strict" : false
				},
				{
					"name" : "Hex5[4]",
					"strict" : false
				},
				{
					"name" : "Hex5[5]",
					"strict" : false
				},
				{
					"name" : "Hex5[6]",
					"strict" : false
				},
				{
					"name" : "reset",
					"strict" : false
				},
				{
					"name" : "clock",
					"strict" : false
				},
				{
					"name" : "Sw[0]",
					"strict" : false
				},
				{
					"name" : "Sw[1]",
					"strict" : false
				},
				{
					"name" : "button",
					"strict" : false
				}
			]
		}
	]
}