{
	"partitions" : [
		{
			"name" : "Top",
			"pins" : [
				{
					"name" : "Out[0]",
					"strict" : false
				},
				{
					"name" : "Out[1]",
					"strict" : false
				},
				{
					"name" : "Out[2]",
					"strict" : false
				},
				{
					"name" : "Out[3]",
					"strict" : false
				},
				{
					"name" : "Out[4]",
					"strict" : false
				},
				{
					"name" : "Out[5]",
					"strict" : false
				},
				{
					"name" : "Out[6]",
					"strict" : false
				},
				{
					"name" : "Out[7]",
					"strict" : false
				},
				{
					"name" : "Out[8]",
					"strict" : false
				},
				{
					"name" : "Out[9]",
					"strict" : false
				},
				{
					"name" : "HEX0[0]",
					"strict" : false
				},
				{
					"name" : "HEX0[1]",
					"strict" : false
				},
				{
					"name" : "HEX0[2]",
					"strict" : false
				},
				{
					"name" : "HEX0[3]",
					"strict" : false
				},
				{
					"name" : "HEX0[4]",
					"strict" : false
				},
				{
					"name" : "HEX0[5]",
					"strict" : false
				},
				{
					"name" : "HEX0[6]",
					"strict" : false
				},
				{
					"name" : "HEX1[1]",
					"strict" : false
				},
				{
					"name" : "HEX1[2]",
					"strict" : false
				},
				{
					"name" : "Button",
					"strict" : false
				},
				{
					"name" : "clock",
					"strict" : false
				},
				{
					"name" : "reset",
					"strict" : false
				},
				{
					"name" : "SW[1]",
					"strict" : false
				},
				{
					"name" : "SW[0]",
					"strict" : false
				}
			]
		}
	]
}